Sample,Chr,rsID,REF,ALT,GT,DS,Expression
17369,7,rs17378283,C,T,0|1,1.0,40561.75977230444
18372,7,rs17378283,C,T,1|0,1.007,55265.3976897648
17629,7,rs17378283,C,T,0|0,0.001,42082.82576376585
11511,7,rs17378283,C,T,0|0,0.0,17745.76990038319
17264,7,rs17378283,C,T,0|0,0.0,41068.78176945824
17921,7,rs17378283,C,T,0|0,0.0,40054.73777515063
19043,7,rs17378283,C,T,0|0,0.0,5577.24196869186
17071,7,rs17378283,C,T,0|0,0.0,1521.0659914614164
17160,7,rs17378283,C,T,0|0,0.0,25858.12185484408
17072,7,rs17378283,C,T,0|0,0.0,4563.197974384249
16840,7,rs17378283,C,T,0|0,0.0,12675.549928845136
17812,7,rs17378283,C,T,0|0,0.0,23830.033866228856
11654,7,rs17378283,C,T,0|0,0.004,20787.90188330602
16488,7,rs17378283,C,T,0|0,0.0,507.02199715380544
17486,7,rs17378283,C,T,0|0,0.0,20787.90188330602
12152,7,rs17378283,C,T,0|0,0.001,36505.583795074
17162,7,rs17378283,C,T,0|0,0.0,35998.561797920185
12993,7,rs17378283,C,T,0|0,0.001,75039.2555787632
11921,7,rs17378283,C,T,0|0,0.002,9633.417945922303
17671,7,rs17378283,C,T,0|0,0.0,45631.979743842494
11396,7,rs17378283,C,T,0|0,0.004,21801.945877613634
11928,7,rs17378283,C,T,0|0,0.0,37012.6057922278
17167,7,rs17378283,C,T,0|0,0.086,9126.3959487685
11875,7,rs17378283,C,T,0|0,0.028,77574.36556453223
1117,7,rs17378283,C,T,0|0,0.008,74532.2335816094
17175,7,rs17378283,C,T,0|0,0.0,24337.055863382662
13117,7,rs17378283,C,T,0|0,0.0,30421.319829228327
17923,7,rs17378283,C,T,0|0,0.002,11661.505934537525
17109,7,rs17378283,C,T,0|0,0.0,507.02199715380544
18382,7,rs17378283,C,T,0|0,0.012,13182.571925998942
13142,7,rs17378283,C,T,0|0,0.006,21294.923880459828
17053,7,rs17378283,C,T,0|0,0.0,27886.2098434593
16548,7,rs17378283,C,T,0|0,0.0,12675.549928845136
17754,7,rs17378283,C,T,0|0,0.0,2028.0879886152215
