Sample,Chr,rsID,REF,ALT,GT,DS,Expression
17369,11,rs409192,G,C,1|1,2.0,17543.488224860765
18372,11,rs409192,G,C,1|1,2.0,90850.20687874324
17629,11,rs409192,G,C,1|1,2.0,19736.42425296836
11511,11,rs409192,G,C,1|1,2.0,6578.808084322786
17264,11,rs409192,G,C,1|1,2.0,43232.167411264025
17921,11,rs409192,G,C,1|1,2.0,70173.95289944306
19043,11,rs409192,G,C,1|1,2.0,3132.765754439422
17071,11,rs409192,G,C,1|1,2.0,13157.616168645573
17160,11,rs409192,G,C,1|1,2.0,18483.31795119259
17072,11,rs409192,G,C,1|1,2.0,6265.531508878844
16840,11,rs409192,G,C,1|1,2.0,8458.46753698644
17812,11,rs409192,G,C,1|1,2.0,25375.40261095932
11654,11,rs409192,G,C,1|1,2.0,2506.212603551537
16488,11,rs409192,G,C,1|1,2.0,5638.97835799096
17486,11,rs409192,G,C,1|1,2.0,22555.91343196384
12152,11,rs409192,G,C,1|1,2.0,939.8297263318266
17162,11,rs409192,G,C,1|1,2.0,44798.55028848373
12993,11,rs409192,G,C,1|1,2.0,3759.3189053273054
11921,11,rs409192,G,C,1|1,2.0,626.5531508878844
17671,11,rs409192,G,C,0|1,1.0,20989.530554744128
11396,11,rs409192,G,C,0|1,1.0,99308.67441572968
11928,11,rs409192,G,C,1|1,2.0,2192.936028107596
17167,11,rs409192,G,C,1|1,2.0,62655.31508878844
11875,11,rs409192,G,C,1|1,1.966,0.0
1117,11,rs409192,G,C,1|1,2.0,939.8297263318266
17175,11,rs409192,G,C,1|0,0.999,11591.23329142586
13117,11,rs409192,G,C,1|1,2.0,626.5531508878844
17923,11,rs409192,G,C,1|1,2.0,939.8297263318266
17109,11,rs409192,G,C,1|1,2.0,626.5531508878844
18382,11,rs409192,G,C,1|1,1.999,69860.67632399911
13142,11,rs409192,G,C,1|1,2.0,4072.5954807712487
17053,11,rs409192,G,C,1|1,2.0,70800.50605033094
16548,11,rs409192,G,C,1|1,2.0,15350.552196753168
17754,11,rs409192,G,C,1|1,2.0,56389.78357990959
