Sample,Chr,rsID,REF,ALT,GT,DS,Expression
17369,22,rs5751776,A,C,1|1,1.999,2985.618002386249
18372,22,rs5751776,A,C,1|1,2.0,2985.618002386249
17629,22,rs5751776,A,C,0|0,0.0,56726.74204533873
11511,22,rs5751776,A,C,1|0,1.158,32841.79802624874
17264,22,rs5751776,A,C,1|0,1.0,47769.88803817998
17921,22,rs5751776,A,C,1|0,1.0,38813.03403102124
19043,22,rs5751776,A,C,0|0,0.0,8956.854007158747
17071,22,rs5751776,A,C,1|0,1.0,8956.854007158747
17160,22,rs5751776,A,C,1|0,0.991,17913.708014317494
17072,22,rs5751776,A,C,1|0,0.996,11942.472009544996
16840,22,rs5751776,A,C,0|1,1.0,38813.03403102124
17812,22,rs5751776,A,C,1|1,1.999,8956.854007158747
11654,22,rs5751776,A,C,0|1,0.999,56726.74204533873
16488,22,rs5751776,A,C,0|0,0.0,20899.326016703744
17486,22,rs5751776,A,C,1|0,1.0,44784.270035793736
12152,22,rs5751776,A,C,1|1,1.998,11942.472009544996
17162,22,rs5751776,A,C,1|0,1.0,11942.472009544996
12993,22,rs5751776,A,C,1|1,2.0,5971.236004772498
11921,22,rs5751776,A,C,1|1,1.996,2985.618002386249
17671,22,rs5751776,A,C,0|1,1.0,35827.41602863499
11396,22,rs5751776,A,C,1|1,2.0,5971.236004772498
11928,22,rs5751776,A,C,0|0,0.001,101511.01208113247
17167,22,rs5751776,A,C,1|1,1.999,0.0
11875,22,rs5751776,A,C,0|0,0.002,65683.59605249748
1117,22,rs5751776,A,C,1|1,1.999,2985.618002386249
17175,22,rs5751776,A,C,0|0,0.0,38813.03403102124
13117,22,rs5751776,A,C,0|1,0.998,35827.41602863499
17923,22,rs5751776,A,C,0|1,1.0,23884.94401908999
17109,22,rs5751776,A,C,1|1,2.0,0.0
18382,22,rs5751776,A,C,0|0,0.001,5971.236004772498
13142,22,rs5751776,A,C,1|0,1.086,2985.618002386249
17053,22,rs5751776,A,C,1|1,2.0,2985.618002386249
16548,22,rs5751776,A,C,0|0,0.0,35827.41602863499
17754,22,rs5751776,A,C,0|0,0.01,11942.472009544996
