Sample,Chr,rsID,REF,ALT,GT,DS,Expression
17369,20,rs4810971,C,T,1|0,1.043,47554.72381831509
18372,20,rs4810971,C,T,0|0,0.0,17193.845036460698
17629,20,rs4810971,C,T,1|1,2.0,63278.46314533863
11511,20,rs4810971,C,T,1|1,2.0,34899.03118924737
17264,20,rs4810971,C,T,1|1,2.0,36944.39565455124
17921,20,rs4810971,C,T,0|0,0.0,57270.2050285085
19043,20,rs4810971,C,T,1|1,2.0,3707.223093363273
17071,20,rs4810971,C,T,1|1,2.0,6711.352151778339
17160,20,rs4810971,C,T,1|1,2.0,10354.657605600867
17072,20,rs4810971,C,T,1|0,1.0,11505.175117334296
16840,20,rs4810971,C,T,1|1,2.0,24480.455944105757
17812,20,rs4810971,C,T,0|1,1.0,67816.6155527316
11654,20,rs4810971,C,T,1|1,2.0,36113.46634052154
16488,20,rs4810971,C,T,1|0,1.002,6200.011035452371
17486,20,rs4810971,C,T,1|1,2.0,37775.32496858094
12152,20,rs4810971,C,T,1|0,1.001,39820.689433884814
17162,20,rs4810971,C,T,0|0,0.244,27995.926118846783
12993,20,rs4810971,C,T,0|1,1.0,40907.289306077495
11921,20,rs4810971,C,T,1|0,1.0,7734.034384430277
17671,20,rs4810971,C,T,1|0,1.0,41162.95986424048
11396,20,rs4810971,C,T,1|1,2.0,29338.196549202457
11928,20,rs4810971,C,T,0|0,0.0,49024.829527752256
17167,20,rs4810971,C,T,1|1,2.0,11377.339838252805
11875,20,rs4810971,C,T,1|1,2.0,59315.56949381237
1117,20,rs4810971,C,T,1|1,2.0,52284.62914433031
17175,20,rs4810971,C,T,1|1,2.0,37455.73677087721
13117,20,rs4810971,C,T,1|1,2.0,37072.23093363273
17923,20,rs4810971,C,T,1|1,2.0,25758.80873492068
17109,20,rs4810971,C,T,1|1,2.0,639.1763954074609
18382,20,rs4810971,C,T,1|1,2.0,3387.634895659543
13142,20,rs4810971,C,T,1|1,2.0,1342.270430355668
17053,20,rs4810971,C,T,0|0,0.0,40523.78346883302
16548,20,rs4810971,C,T,1|1,2.0,11569.092756875045
17754,20,rs4810971,C,T,1|1,2.0,4282.481849229988
