Sample,Chr,rsID,REF,ALT,GT,DS,Expression
17369,5,rs57499523,C,T,0|0,0.0,77050.04021170514
18372,5,rs57499523,C,T,0|0,0.0,16052.091710771903
17629,5,rs57499523,C,T,0|0,0.0,34244.462316313395
11511,5,rs57499523,C,T,0|0,0.0,54577.11181662448
17264,5,rs57499523,C,T,0|0,0.0,43875.71734277655
17921,5,rs57499523,C,T,0|0,0.0,38525.02010585257
19043,5,rs57499523,C,T,0|0,0.0,4280.557789539174
17071,5,rs57499523,C,T,0|0,0.0,5350.697236923968
17160,5,rs57499523,C,T,0|0,0.0,11771.53392123273
17072,5,rs57499523,C,T,0|0,0.0,10701.394473847937
16840,5,rs57499523,C,T,0|0,0.0,35314.60176369819
17812,5,rs57499523,C,T,0|0,0.0,98452.82915940102
11654,5,rs57499523,C,T,0|0,0.0,38525.02010585257
16488,5,rs57499523,C,T,0|0,0.0,6420.836684308762
17486,5,rs57499523,C,T,1|1,1.605,67418.785185242
12152,5,rs57499523,C,T,0|0,0.0,32104.18342154381
17162,5,rs57499523,C,T,0|0,0.002,19262.510052926285
12993,5,rs57499523,C,T,0|0,0.0,68488.92463262679
11921,5,rs57499523,C,T,0|0,0.0,4280.557789539174
17671,5,rs57499523,C,T,0|1,1.0,63138.22739570283
11396,5,rs57499523,C,T,0|0,0.0,28893.765079389428
11928,5,rs57499523,C,T,0|0,0.0,26753.486184619844
17167,5,rs57499523,C,T,0|0,0.0,7490.9761316935555
11875,5,rs57499523,C,T,0|0,0.0,34244.462316313395
1117,5,rs57499523,C,T,0|0,0.0,9631.255026463145
17175,5,rs57499523,C,T,0|0,0.012,39595.15955323737
13117,5,rs57499523,C,T,0|0,0.0,33174.322868928604
17923,5,rs57499523,C,T,0|0,0.0,28893.765079389428
17109,5,rs57499523,C,T,0|0,0.0,0.0
18382,5,rs57499523,C,T,0|1,1.0,5350.697236923968
13142,5,rs57499523,C,T,1|0,1.0,1070.1394473847936
17053,5,rs57499523,C,T,0|0,0.0,40665.29900062216
16548,5,rs57499523,C,T,0|1,1.0,20332.64950031108
17754,5,rs57499523,C,T,1|0,1.0,3210.418342154381
