Sample,Chr,rsID,REF,ALT,GT,DS,Expression
17369,5,rs2074808,T,C,0|0,0,35186.70830834877
18372,5,rs2074808,T,C,0|0,0,16828.42571268854
17629,5,rs2074808,T,C,0|0,0,35186.70830834877
11511,5,rs2074808,T,C,0|0,0,47425.56337212225
17264,5,rs2074808,T,C,0|0,0,32126.994542405395
17921,5,rs2074808,T,C,0|0,0,24477.71012754697
19043,5,rs2074808,T,C,0|0,0,3059.713765943371
17071,5,rs2074808,T,C,0|0,0,4589.570648915056
17160,5,rs2074808,T,C,0|0,0,15298.568829716854
17072,5,rs2074808,T,C,0|0,0,10708.998180801798
16840,5,rs2074808,T,C,0|0,0,33656.85142537708
17812,5,rs2074808,T,C,1|0,1,81082.41479749932
11654,5,rs2074808,T,C,0|1,1,45895.706489150565
16488,5,rs2074808,T,C,0|0,0,9179.141297830112
17486,5,rs2074808,T,C,0|0,0,44365.84960617888
12152,5,rs2074808,T,C,1|1,2,111679.55245693304
17162,5,rs2074808,T,C,0|0,0,48955.42025509394
12993,5,rs2074808,T,C,0|0,0,85671.98544641439
11921,5,rs2074808,T,C,0|0,0,7649.284414858427
17671,5,rs2074808,T,C,0|0,0,38246.42207429214
11396,5,rs2074808,T,C,0|1,1,39776.27895726382
11928,5,rs2074808,T,C,0|0,0,39776.27895726382
17167,5,rs2074808,T,C,0|0,0,1529.8568829716855
11875,5,rs2074808,T,C,0|0,0,117798.9799888198
1117,5,rs2074808,T,C,0|0,0,44365.84960617888
17175,5,rs2074808,T,C,0|0,0,39776.27895726382
13117,5,rs2074808,T,C,0|0,0,29067.280776462023
17923,5,rs2074808,T,C,0|0,0,9179.141297830112
17109,5,rs2074808,T,C,0|0,0,0.0
18382,5,rs2074808,T,C,0|0,0,3059.713765943371
13142,5,rs2074808,T,C,0|0,0,6119.427531886742
17053,5,rs2074808,T,C,0|0,0,44365.84960617888
16548,5,rs2074808,T,C,0|0,0,9179.141297830112
17754,5,rs2074808,T,C,0|0,0,3059.713765943371
