Sample,Chr,rsID,REF,ALT,GT,DS,Expression
17369,22,rs5751776,A,C,1|1,1.999,2799.665278545851
18372,22,rs5751776,A,C,1|1,2.0,12598.493753456329
17629,22,rs5751776,A,C,0|0,0.0,50393.97501382532
11511,22,rs5751776,A,C,1|0,1.158,39195.31389964191
17264,22,rs5751776,A,C,1|0,1.0,30796.31806400436
17921,22,rs5751776,A,C,1|0,1.0,27996.652785458507
19043,22,rs5751776,A,C,0|0,0.0,48994.14237455239
17071,22,rs5751776,A,C,1|0,1.0,13998.326392729254
17160,22,rs5751776,A,C,1|0,0.991,36395.64862109606
17072,22,rs5751776,A,C,1|0,0.996,16797.991671275104
16840,22,rs5751776,A,C,0|1,1.0,22397.322228366807
17812,22,rs5751776,A,C,1|1,1.999,4199.497917818776
11654,22,rs5751776,A,C,0|1,0.999,134383.93337020083
16488,22,rs5751776,A,C,0|0,0.0,34995.815981823136
17486,22,rs5751776,A,C,1|0,1.0,83989.95835637553
12152,22,rs5751776,A,C,1|1,1.998,0.0
17162,22,rs5751776,A,C,1|0,1.0,16797.991671275104
12993,22,rs5751776,A,C,1|1,2.0,1399.8326392729257
11921,22,rs5751776,A,C,1|1,1.996,1399.8326392729257
17671,22,rs5751776,A,C,0|1,1.0,18197.82431054803
11396,22,rs5751776,A,C,1|1,2.0,0.0
11928,22,rs5751776,A,C,0|0,0.001,57393.13821018994
17167,22,rs5751776,A,C,1|1,1.999,0.0
11875,22,rs5751776,A,C,0|0,0.002,36395.64862109606
1117,22,rs5751776,A,C,1|1,1.999,1399.8326392729257
17175,22,rs5751776,A,C,0|0,0.0,65792.1340458275
13117,22,rs5751776,A,C,0|1,0.998,25196.987506912657
17923,22,rs5751776,A,C,0|1,1.0,39195.31389964191
17109,22,rs5751776,A,C,1|1,2.0,2799.665278545851
18382,22,rs5751776,A,C,0|0,0.001,29396.485424731432
13142,22,rs5751776,A,C,1|0,1.086,54593.47293164409
17053,22,rs5751776,A,C,1|1,2.0,8398.995835637552
16548,22,rs5751776,A,C,0|0,0.0,32196.15070327728
17754,22,rs5751776,A,C,0|0,0.01,23797.15486763973
