Sample,Chr,rsID,REF,ALT,GT,DS,Expression
17369,1,rs71646153,C,T,0|0,0,8302.089860315135
18372,1,rs71646153,C,T,0|0,0,59959.53788005375
17629,1,rs71646153,C,T,0|1,1,31363.45058341273
11511,1,rs71646153,C,T,0|1,1,62726.90116682546
17264,1,rs71646153,C,T,1|0,1,46122.7214461952
17921,1,rs71646153,C,T,0|0,0,36898.17715695615
19043,1,rs71646153,C,T,0|0,0,11991.90757601075
17071,1,rs71646153,C,T,0|0,0,6457.181002467327
17160,1,rs71646153,C,T,1|0,1,44277.81258834738
17072,1,rs71646153,C,T,0|0,0,14759.27086278246
16840,1,rs71646153,C,T,0|0,0,7379.635431391231
17812,1,rs71646153,C,T,0|0,0,15681.725291706363
11654,1,rs71646153,C,T,1|0,1,134678.34662288998
16488,1,rs71646153,C,T,0|0,0,1844.908857847808
17486,1,rs71646153,C,T,0|0,0,84865.80746099916
12152,1,rs71646153,C,T,0|0,0,16604.17972063027
17162,1,rs71646153,C,T,0|0,0,12914.362004934654
12993,1,rs71646153,C,T,0|0,0,21216.45186524979
11921,1,rs71646153,C,T,0|0,0,7379.635431391231
17671,1,rs71646153,C,T,0|0,0,16604.17972063027
11396,1,rs71646153,C,T,0|0,0,16604.17972063027
11928,1,rs71646153,C,T,1|0,1,83020.89860315135
17167,1,rs71646153,C,T,0|0,0,6457.181002467327
11875,1,rs71646153,C,T,0|0,0,15681.725291706363
1117,1,rs71646153,C,T,1|0,1,30440.99615448883
17175,1,rs71646153,C,T,1|1,2,95935.260608086
13117,1,rs71646153,C,T,0|0,0,11991.90757601075
17923,1,rs71646153,C,T,0|0,0,16604.17972063027
17109,1,rs71646153,C,T,0|0,0,23061.3607230976
18382,1,rs71646153,C,T,0|0,0,2767.3632867717115
13142,1,rs71646153,C,T,0|0,0,40587.99487265177
17053,1,rs71646153,C,T,1|1,2,138368.16433858557
16548,1,rs71646153,C,T,0|0,0,8302.089860315135
17754,1,rs71646153,C,T,0|0,0,7379.635431391231
