Sample,Chr,rsID,REF,ALT,GT,DS,Expression
17369,8,rs56017720,G,A,0|1,1.0,319273.2495783752
18372,8,rs56017720,G,A,0|0,0.0,10029.526164765712
17629,8,rs56017720,G,A,1|0,1.0,444642.3266379466
11511,8,rs56017720,G,A,0|0,0.0,23402.227717786664
17264,8,rs56017720,G,A,0|1,1.0,305900.5480253542
17921,8,rs56017720,G,A,0|0,0.0,56833.98160033904
19043,8,rs56017720,G,A,0|0,0.0,3343.175388255237
17071,8,rs56017720,G,A,0|0,0.0,11701.113858893332
17160,8,rs56017720,G,A,0|0,0.0,11701.113858893332
17072,8,rs56017720,G,A,0|0,0.0,3343.175388255237
16840,8,rs56017720,G,A,0|0,0.0,71878.27084748761
17812,8,rs56017720,G,A,0|0,0.0,53490.8062120838
11654,8,rs56017720,G,A,1|0,1.0,359391.35423743806
16488,8,rs56017720,G,A,0|0,0.0,6686.350776510475
17486,8,rs56017720,G,A,0|0,0.0,16715.876941276187
12152,8,rs56017720,G,A,0|0,0.001,41789.69235319047
17162,8,rs56017720,G,A,0|0,0.0,20059.052329531427
12993,8,rs56017720,G,A,0|0,0.0,65191.92007097713
11921,8,rs56017720,G,A,0|0,0.0,3343.175388255237
17671,8,rs56017720,G,A,0|0,0.0,20059.052329531427
11396,8,rs56017720,G,A,0|0,0.006,25073.81541191428
11928,8,rs56017720,G,A,0|0,0.0,36774.92927080762
17167,8,rs56017720,G,A,0|0,0.001,16715.876941276187
11875,8,rs56017720,G,A,0|0,0.0,58505.56929446666
1117,8,rs56017720,G,A,0|0,0.0,38446.51696493523
17175,8,rs56017720,G,A,0|0,0.0,46804.45543557333
13117,8,rs56017720,G,A,0|0,0.0,43461.28004731809
17923,8,rs56017720,G,A,0|0,0.0,16715.876941276187
17109,8,rs56017720,G,A,0|0,0.0,0.0
18382,8,rs56017720,G,A,0|0,0.0,1671.5876941276188
13142,8,rs56017720,G,A,0|0,0.0,0.0
17053,8,rs56017720,G,A,0|0,0.0,50147.63082382856
16548,8,rs56017720,G,A,0|0,0.0,10029.526164765712
17754,8,rs56017720,G,A,0|0,0.0,3343.175388255237
