Sample,Chr,rsID,REF,ALT,GT,DS,Expression
17369,4,rs145469775,A,T,0|0,0.0,26755.269631063213
18372,4,rs145469775,A,T,0|0,0.0,104405.90179339705
17629,4,rs145469775,A,T,0|1,1.0,50694.19509043556
11511,4,rs145469775,A,T,0|0,0.0,5833.85578421679
17264,4,rs145469775,A,T,0|0,0.0,34600.79982363062
17921,4,rs145469775,A,T,0|0,0.0,90123.01349410768
19043,4,rs145469775,A,T,0|0,0.0,1408.1720858454323
17071,4,rs145469775,A,T,0|0,0.0,15691.060385134817
17160,4,rs145469775,A,T,0|0,0.0,25145.93010438272
17072,4,rs145469775,A,T,0|0,0.0,5833.85578421679
16840,4,rs145469775,A,T,0|0,0.0,13679.3859767842
17812,4,rs145469775,A,T,0|0,0.0,12874.716213443951
11654,4,rs145469775,A,T,0|0,0.0,1609.339526680494
16488,4,rs145469775,A,T,0|0,0.0,10058.372041753088
17486,4,rs145469775,A,T,0|0,0.0,28766.94403941383
12152,4,rs145469775,A,T,0|0,0.0,804.669763340247
17162,4,rs145469775,A,T,0|0,0.0,46067.34395122914
12993,4,rs145469775,A,T,0|0,0.0,3621.013935031112
11921,4,rs145469775,A,T,0|0,0.0,1005.8372041753088
17671,4,rs145469775,A,T,0|0,0.021,31784.45565193976
11396,4,rs145469775,A,T,0|0,0.0,82277.48330154025
11928,4,rs145469775,A,T,0|0,0.002,3419.8464941960497
17167,4,rs145469775,A,T,0|1,0.605,89921.8460532726
11875,4,rs145469775,A,T,0|0,0.001,201.1674408350617
1117,4,rs145469775,A,T,0|0,0.0,1207.0046450103705
17175,4,rs145469775,A,T,0|0,0.0,16898.065030145186
13117,4,rs145469775,A,T,0|0,0.006,1207.0046450103705
17923,4,rs145469775,A,T,0|0,0.0,1810.506967515556
17109,4,rs145469775,A,T,0|0,0.0,603.5023225051852
18382,4,rs145469775,A,T,0|0,0.003,83886.82282822074
13142,4,rs145469775,A,T,0|0,0.002,2816.3441716908646
17053,4,rs145469775,A,T,0|0,0.001,80265.80889318963
16548,4,rs145469775,A,T,0|0,0.0,15489.892944299754
17754,4,rs145469775,A,T,0|1,1.0,76242.46007648841
