Sample,Chr,rsID,REF,ALT,GT,DS,Expression
17369,11,rs10792355,C,G,1|1,1.999,18302.52694092776
18372,11,rs10792355,C,G,1|1,2.0,44448.99399939599
17629,11,rs10792355,C,G,1|1,2.0,26146.467058468224
11511,11,rs10792355,C,G,1|1,2.0,23531.8203526214
17264,11,rs10792355,C,G,0|1,1.0,54907.58082278328
17921,11,rs10792355,C,G,0|1,1.0,67980.81435201739
19043,11,rs10792355,C,G,1|1,2.0,20917.17364677458
17071,11,rs10792355,C,G,1|1,2.0,2614.6467058468224
17160,11,rs10792355,C,G,1|1,2.0,18302.52694092776
17072,11,rs10792355,C,G,1|1,2.0,10458.58682338729
16840,11,rs10792355,C,G,0|0,0.0,62751.52094032374
17812,11,rs10792355,C,G,1|1,2.0,18302.52694092776
11654,11,rs10792355,C,G,1|1,2.0,94127.2814104856
16488,11,rs10792355,C,G,1|1,2.0,7843.940117540467
17486,11,rs10792355,C,G,1|1,2.0,57522.227528630094
12152,11,rs10792355,C,G,1|1,2.0,28761.113764315047
17162,11,rs10792355,C,G,1|1,2.0,20917.17364677458
12993,11,rs10792355,C,G,0|0,0.0,67980.81435201739
11921,11,rs10792355,C,G,1|1,2.0,7843.940117540467
17671,11,rs10792355,C,G,0|1,1.0,28761.113764315047
11396,11,rs10792355,C,G,1|1,2.0,7843.940117540467
11928,11,rs10792355,C,G,1|0,1.0,54907.58082278328
17167,11,rs10792355,C,G,1|1,2.0,10458.58682338729
11875,11,rs10792355,C,G,1|1,2.0,23531.8203526214
1117,11,rs10792355,C,G,1|0,1.0,20917.17364677458
17175,11,rs10792355,C,G,1|1,1.999,31375.76047016187
13117,11,rs10792355,C,G,1|1,1.999,15687.880235080936
17923,11,rs10792355,C,G,0|1,1.0,47063.6407052428
17109,11,rs10792355,C,G,1|1,2.0,23531.8203526214
18382,11,rs10792355,C,G,1|0,0.999,20917.17364677458
13142,11,rs10792355,C,G,1|1,2.0,31375.76047016187
17053,11,rs10792355,C,G,1|1,2.0,23531.8203526214
16548,11,rs10792355,C,G,1|0,1.0,10458.58682338729
17754,11,rs10792355,C,G,1|1,2.0,0.0
