Sample,Chr,rsID,REF,ALT,GT,DS,Expression
17369,8,rs73196202,T,C,0|0,0.002,33725.215365511605
18372,8,rs73196202,T,C,0|0,0.001,108934.02897404686
17629,8,rs73196202,T,C,0|0,0.001,20425.13043263379
11511,8,rs73196202,T,C,0|0,0.001,7758.382877512058
17264,8,rs73196202,T,C,0|0,0.001,39583.5861097554
17921,8,rs73196202,T,C,0|0,0.001,61908.72867565745
19043,8,rs73196202,T,C,0|0,0.015,3008.3525443414105
17071,8,rs73196202,T,C,0|0,0.0,8550.054599707166
17160,8,rs73196202,T,C,0|0,0.0,19000.121332682596
17072,8,rs73196202,T,C,0|0,0.001,4591.695988731626
16840,8,rs73196202,T,C,1|0,0.862,41483.59824302366
17812,8,rs73196202,T,C,0|0,0.073,24858.49207692639
11654,8,rs73196202,T,C,0|0,0.001,4116.692955414562
16488,8,rs73196202,T,C,0|0,0.0,10608.401077414448
17486,8,rs73196202,T,C,0|0,0.009,18208.449610487485
12152,8,rs73196202,T,C,0|0,0.001,1108.3404110731512
17162,8,rs73196202,T,C,0|0,0.005,34675.22143214573
12993,8,rs73196202,T,C,0|0,0.037,3958.35861097554
11921,8,rs73196202,T,C,0|0,0.001,633.3373777560864
17671,8,rs73196202,T,C,0|0,0.002,39425.25176531638
11396,8,rs73196202,T,C,0|0,0.0,107667.35421853467
11928,8,rs73196202,T,C,0|0,0.001,2691.6838554633678
17167,8,rs73196202,T,C,0|1,0.907,57475.36703136484
11875,8,rs73196202,T,C,0|0,0.003,2058.346477707281
1117,8,rs73196202,T,C,0|0,0.001,2850.018199902389
17175,8,rs73196202,T,C,0|0,0.006,13300.084932877817
13117,8,rs73196202,T,C,0|0,0.119,791.671722195108
17923,8,rs73196202,T,C,0|0,0.0,1425.0090999511945
17109,8,rs73196202,T,C,0|0,0.0,475.0030333170648
18382,8,rs73196202,T,C,0|0,0.001,80117.17828614493
13142,8,rs73196202,T,C,0|0,0.039,2375.015166585324
17053,8,rs73196202,T,C,0|0,0.0,100067.30568546166
16548,8,rs73196202,T,C,0|0,0.002,17100.10919941433
17754,8,rs73196202,T,C,1|0,1.001,72358.79540863287
