Sample,Chr,rsID,REF,ALT,GT,DS,Expression
17369,19,rs73042335,G,A,0|0,0.0,49020.82314256923
18372,19,rs73042335,G,A,0|0,0.0,23137.82852329268
17629,19,rs73042335,G,A,0|0,0.0,62746.653622488615
11511,19,rs73042335,G,A,0|0,0.0,36079.32583293096
17264,19,rs73042335,G,A,0|0,0.0,28628.16071526043
17921,19,rs73042335,G,A,0|0,0.0,52550.32240883421
19043,19,rs73042335,G,A,0|0,0.003,3921.6658514055375
17071,19,rs73042335,G,A,0|0,0.0,3137.3326811244306
17160,19,rs73042335,G,A,0|0,0.0,11764.997554216616
17072,19,rs73042335,G,A,0|0,0.003,10980.664383935507
16840,19,rs73042335,G,A,0|0,0.0,32157.659981525416
17812,19,rs73042335,G,A,0|0,0.0,38040.15875863372
11654,19,rs73042335,G,A,0|0,0.0,43530.490950601474
16488,19,rs73042335,G,A,0|0,0.0,7058.9985325299685
17486,19,rs73042335,G,A,0|0,0.0,35294.99266264984
12152,19,rs73042335,G,A,0|1,0.588,60785.82069678584
17162,19,rs73042335,G,A,0|0,0.0,25490.828034136
12993,19,rs73042335,G,A,0|0,0.0,47059.99021686646
11921,19,rs73042335,G,A,0|0,0.0,11764.997554216616
17671,19,rs73042335,G,A,1|0,0.955,59609.32094136418
11396,19,rs73042335,G,A,0|0,0.0,22353.495353011567
11928,19,rs73042335,G,A,0|0,0.0,47452.15680200701
17167,19,rs73042335,G,A,0|0,0.0,10588.497798794951
11875,19,rs73042335,G,A,0|1,0.988,66668.31947389415
1117,19,rs73042335,G,A,0|1,1.0,40785.3248546176
17175,19,rs73042335,G,A,0|0,0.0,38824.49192891483
13117,19,rs73042335,G,A,0|0,0.0,40393.15826947705
17923,19,rs73042335,G,A,0|0,0.0,25490.828034136
17109,19,rs73042335,G,A,0|0,0.0,0.0
18382,19,rs73042335,G,A,0|0,0.0,3529.4992662649843
13142,19,rs73042335,G,A,0|0,0.0,784.3331702811076
17053,19,rs73042335,G,A,0|0,0.003,41177.49143975815
16548,19,rs73042335,G,A,0|0,0.0,15686.663405622154
17754,19,rs73042335,G,A,0|0,0.0,1960.8329257027688
