Sample,Chr,rsID,REF,ALT,GT,DS,Expression
17369,10,rs1890507,A,G,0|1,1,38994.43464533147
18372,10,rs1890507,A,G,0|1,1,28545.925874979835
17629,10,rs1890507,A,G,1|1,2,44618.63194994659
11511,10,rs1890507,A,G,1|1,2,38869.452483006695
17264,10,rs1890507,A,G,1|1,2,34070.13744973513
17921,10,rs1890507,A,G,1|1,2,52942.44396077696
19043,10,rs1890507,A,G,1|0,1,8848.73709259445
17071,10,rs1890507,A,G,1|1,2,6374.090278563799
17160,10,rs1890507,A,G,1|0,1,16897.588346310305
17072,10,rs1890507,A,G,1|1,2,14847.880884183907
16840,10,rs1890507,A,G,1|1,2,23421.65721966384
17812,10,rs1890507,A,G,1|1,2,48493.078982014784
11654,10,rs1890507,A,G,1|1,2,52792.46536598723
16488,10,rs1890507,A,G,1|1,2,7448.93687455691
17486,10,rs1890507,A,G,1|1,2,50692.76503893092
12152,10,rs1890507,A,G,1|1,2,47943.15746778575
17162,10,rs1890507,A,G,1|1,2,32920.30155634715
12993,10,rs1890507,A,G,0|0,0,39944.29907899981
11921,10,rs1890507,A,G,1|1,2,9973.576553517472
17671,10,rs1890507,A,G,0|1,1,29970.72252548233
11396,10,rs1890507,A,G,1|1,2,18997.288673366616
11928,10,rs1890507,A,G,1|1,2,74189.41155598963
17167,10,rs1890507,A,G,1|1,2,12873.162719452375
11875,10,rs1890507,A,G,1|1,2,40844.17064773823
1117,10,rs1890507,A,G,0|0,0,36919.73075074012
17175,10,rs1890507,A,G,1|1,2,41494.07789182708
13117,10,rs1890507,A,G,0|1,1,45368.52492389528
17923,10,rs1890507,A,G,1|0,1,37219.68794031959
17109,10,rs1890507,A,G,1|1,2,424.9393519042533
18382,10,rs1890507,A,G,1|1,2,3724.468437278455
13142,10,rs1890507,A,G,1|1,2,1049.850163528155
17053,10,rs1890507,A,G,0|0,0,68140.27489947026
16548,10,rs1890507,A,G,1|1,2,14297.959369954871
17754,10,rs1890507,A,G,1|1,2,3099.557625654553
