Sample,Chr,rsID,REF,ALT,GT,DS,Expression
17369,22,rs5751776,A,C,1|1,1.999,10422.807131100397
18372,22,rs5751776,A,C,1|1,2.0,62536.84278660239
17629,22,rs5751776,A,C,0|0,0.0,36479.824958851386
11511,22,rs5751776,A,C,1|0,1.158,20845.614262200797
17264,22,rs5751776,A,C,1|0,1.0,36479.824958851386
17921,22,rs5751776,A,C,1|0,1.0,36479.824958851386
19043,22,rs5751776,A,C,0|0,0.0,7817.105348325298
17071,22,rs5751776,A,C,1|0,1.0,39085.52674162649
17160,22,rs5751776,A,C,1|0,0.991,41691.22852440159
17072,22,rs5751776,A,C,1|0,0.996,13028.508913875496
16840,22,rs5751776,A,C,0|1,1.0,7817.105348325298
17812,22,rs5751776,A,C,1|1,1.999,5211.403565550198
11654,22,rs5751776,A,C,0|1,0.999,2605.701782775099
16488,22,rs5751776,A,C,0|0,0.0,18239.912479425693
17486,22,rs5751776,A,C,1|0,1.0,31268.421393301192
12152,22,rs5751776,A,C,1|1,1.998,0.0
17162,22,rs5751776,A,C,1|0,1.0,23451.31604497589
12993,22,rs5751776,A,C,1|1,2.0,0.0
11921,22,rs5751776,A,C,1|1,1.996,0.0
17671,22,rs5751776,A,C,0|1,1.0,23451.31604497589
11396,22,rs5751776,A,C,1|1,2.0,13028.508913875496
11928,22,rs5751776,A,C,0|0,0.001,0.0
17167,22,rs5751776,A,C,1|1,1.999,7817.105348325298
11875,22,rs5751776,A,C,0|0,0.002,2605.701782775099
1117,22,rs5751776,A,C,1|1,1.999,0.0
17175,22,rs5751776,A,C,0|0,0.0,13028.508913875496
13117,22,rs5751776,A,C,0|1,0.998,5211.403565550198
17923,22,rs5751776,A,C,0|1,1.0,2605.701782775099
17109,22,rs5751776,A,C,1|1,2.0,0.0
18382,22,rs5751776,A,C,0|0,0.001,192821.93192535732
13142,22,rs5751776,A,C,1|0,1.086,2605.701782775099
17053,22,rs5751776,A,C,1|1,2.0,18239.912479425693
16548,22,rs5751776,A,C,0|0,0.0,41691.22852440159
17754,22,rs5751776,A,C,0|0,0.01,153736.40518373085
